,Est,Edad,Impuso,Extro,Cant_arg,connectors_total,politeness_total,rud_total,powerless_total,Impuso_n,Comp.1,Comp.2,Comp.3,Comp.4,Comp.5,Comp.6,pred_k
0,1,23,0,0.14735197344095932,-0.08055135200740199,-0.4004382263344334,0.043511174016496325,-0.35208885705077086,-1.2924538746101768,1,-0.787303778244922,-0.56461053831703,0.957000121449793,0.303207451090682,-0.171352503709662,-0.0952403822899241,0
1,2,35,1,0.6724608242487413,0.37487359972675527,1.076446844985036,1.3227396901014896,1.0303113028440822,2.040716644121332,2,2.41358044936065,1.33782973138822,-0.857722331868752,0.602793175609644,0.0023950063675187,0.113867261343418,1
2,3,19,0,-0.2464796646648772,-0.08055135200740199,-0.03875208641946126,0.043511174016496325,-0.13090483146759435,-0.18139703503300725,1,-0.160587518333949,-0.270873199214562,-0.0518715080772616,0.0537291172893701,-0.0709098135045414,-0.104452558352917,0
3,4,19,1,-0.7715885154726593,0.5266819169714744,0.44349610013383484,-0.8093078367068325,-0.35208885705077086,-0.18139703503300725,2,-0.103582591485051,-0.677570824256509,-0.157129318650574,-0.94616671276807,0.494385865038317,-0.497103673310838,3
4,5,22,1,1.328846887758469,-0.6877846209862783,-0.9429674362068915,-1.0225125893876648,-1.0709369401960944,-0.18139703503300725,2,-1.82311412916681,1.22634431024264,0.553300549766665,0.0317200932051719,0.461463087193292,0.0751717540679832,0
5,6,19,0,-0.7715885154726593,-0.6877846209862783,-0.9731079478664725,0.8963301847398252,-0.9603449274045063,-0.45916124492729965,1,-1.07948514764211,-0.874768603246036,-0.504058844922664,1.31115178007126,-0.194444258472222,-0.101605395522969,0
6,7,20,0,-1.1654201535784958,-0.38416798649684014,-0.1894546447173663,-0.3828983313451681,-0.2414968442591826,1.4851882243327472,1,-0.125855512467355,0.0047543357622508,-1.93033434004031,-0.37572363564389,0.242785794796694,0.101153782180005,1
7,8,19,1,-2.3469150678960053,-0.5359763037415592,-0.5511407846323384,-0.5961030840260003,-0.2414968442591826,-1.0146896647158845,2,-1.21478199330389,-2.13834521847221,-0.827292915563342,-0.645778150898644,-0.623988977716056,-0.0571929154684437,3
8,9,24,0,1.1975696750565235,2.0447650894186653,2.5834724279640864,-0.16969357866433588,0.9750152964482882,2.040716644121332,1,3.31367466854177,1.6349930238053,0.0619453426253325,-1.25739958694241,1.30553679077916,-0.700416367949528,2
9,10,18,0,-0.9028657281746048,2.6519983583975417,1.076446844985036,-0.3828983313451681,1.2514953284272587,-0.45916124492729965,1,2.10738857460271,-1.57956982984667,0.813128166939406,-1.51731605221637,0.984674040443255,0.248081696956197,3
10,11,21,1,-1.0341429408765503,3.411039944621137,3.638390336049422,2.601968206186483,4.016295648216965,1.2074240144384547,2,6.93451228193101,-1.29291573269264,0.127572675977282,-0.613364858769855,-0.359417043130023,0.143205674956695,2
11,12,18,0,-1.4279745789823868,3.411039944621137,0.6243391700913209,3.667991969590644,0.5879432516777293,-1.2924538746101768,1,3.31023487818342,-3.3685104241064,1.15244313617272,2.18962424607382,1.05077245840815,-0.0562491687975493,3
12,13,18,1,0.14735197344095932,-0.6877846209862783,-0.5210002729727574,-0.3828983313451681,-0.29679285065497674,0.09636717486128517,2,-0.866057339724871,0.385267019366933,-0.245312340603766,0.0199456814789582,-0.164530561317995,0.15509049598368,0
13,14,19,0,-2.2156378551940596,-0.5359763037415592,-0.9731079478664725,-1.0225125893876648,-0.7944569082171239,-1.2924538746101768,1,-1.97626428408994,-2.15153507516577,-0.623503400093876,-0.703557353893336,-0.256911020033847,-0.0769100878190917,0
14,15,20,0,0.016074760739013812,-0.5359763037415592,-0.21959515637694732,0.2567159266973285,-0.5732728826339474,-0.7369254548215921,1,-0.761634698804474,-0.261672597350428,0.313479514137057,0.530324881359213,-0.319109554590107,-0.37874828544423,0
15,16,18,1,0.9350152496526324,0.2230652824820362,0.5941986584317399,0.2567159266973285,0.6985352644693176,1.7629524342270395,2,1.40007655521607,1.57471150181676,-0.585413403253492,-0.0215389414144564,0.265141222165704,0.292465776238613,1
16,17,18,0,-0.5090340900687682,-0.23235966925212106,0.9257442866871309,-0.5961030840260003,0.47735123888614106,-0.18139703503300725,1,0.318356950392816,-0.219775627448782,-0.107536151527249,-1.01247512939488,-0.608466928895279,-0.479231459818242,3
17,18,18,0,0.14735197344095932,-0.08055135200740199,0.5037771234529969,0.8963301847398252,-0.07560882507180024,-0.18139703503300725,1,0.507527667876555,-0.0482325729222785,0.19867141242089,0.692321277370098,-0.294007031507802,-0.508814271404952,1
18,19,18,1,1.1975696750565235,-0.23235966925212106,-0.43057873799401436,-0.3828983313451681,-0.2414968442591826,-0.45916124492729965,2,-0.74102778912131,0.791896690980273,0.929163692361965,0.113667950073036,0.0818729484799516,0.173585125209091,0
19,20,19,0,0.016074760739013812,0.37487359972675527,-0.1894546447173663,-0.5961030840260003,-0.0203128186760061,-0.7369254548215921,1,-0.403446926287264,-0.397748596795351,0.667390137062193,-0.500555349197815,0.210131887663816,0.119992783144942,0
20,21,22,0,-0.6403113027707137,-0.6877846209862783,-0.6717028312706624,0.043511174016496325,-0.7391609018213298,0.37413138475557756,1,-0.91705451163334,-0.176617909391953,-0.983048516114727,0.427197242516385,0.0257895845027638,-0.0269715038529175,0
21,22,19,1,1.066292462354578,-0.8395929382309975,-0.5210002729727574,-1.0225125893876648,-0.4626808698423591,-1.0146896647158845,2,-1.60704669164363,0.692568486510524,1.06929946710508,-0.305419205913699,-0.319739777688913,-0.037039915441035,0
22,23,19,0,-1.6905290043862777,-0.23235966925212106,-0.34015720301527136,-0.16969357866433588,-0.0203128186760061,1.4851882243327472,1,0.0630480152393887,-0.502592168400964,-2.18173589830372,-0.321629647193563,0.181454242616513,0.331152675121903,3
23,24,19,1,-1.0341429408765503,0.0712569652373171,0.5339176351125778,1.5359444427823217,0.6432392580735234,-0.18139703503300725,2,1.21885482794149,-1.11818180389404,-0.378838009301508,0.798965530560393,-0.784729727014377,-0.178274053558658,3
24,25,26,0,0.4099063988448503,0.37487359972675527,-0.5511407846323384,1.1095349374206573,-0.5179768762381532,-0.45916124492729965,1,-0.0546846345738852,-0.272295339988471,0.573706526371865,1.32665283496381,0.389645317735144,0.0663396457547169,0
25,26,20,0,0.5411836115467958,1.1339151859503507,-0.21959515637694732,-0.8093078367068325,-0.18620083786338848,-1.2924538746101768,1,-0.408409656440141,-0.472911962185064,1.59588766411447,-0.624067293715574,0.802851833832904,0.124978660228384,0
26,27,19,0,0.016074760739013812,-0.5359763037415592,-0.4908597613131764,-0.3828983313451681,-0.6285688890297415,-1.0146896647158845,1,-1.27896159550105,-0.324656505957965,0.511642623944768,0.0682497730338791,-0.21988536460968,-0.209396771973019,0
27,28,20,1,0.9350152496526324,-0.5359763037415592,0.4736366117934159,-0.16969357866433588,-0.2414968442591826,2.040716644121332,2,0.415904613479661,2.00613358196654,-1.12174106646988,0.0090538532180821,0.352848738473184,-0.238874428088701,1
28,29,19,0,-0.37775687736682273,-0.6877846209862783,-0.37029771467485234,0.8963301847398252,-0.35208885705077086,1.7629524342270395,1,0.202896895233466,0.622557666620253,-1.81762652358779,1.01552694360957,0.0655621140658347,0.141912817701694,1
29,30,20,1,0.14735197344095932,-0.38416798649684014,-1.0333889711856346,-1.0225125893876648,-0.407384863446565,-0.18139703503300725,2,-1.39976094325355,0.202737844272434,0.0215376689145622,-0.388447924199547,0.237868314322277,0.5227039226182,0
30,31,24,0,0.5411836115467958,-0.5359763037415592,0.7449012167296449,0.46992067937816073,0.6985352644693176,0.09636717486128517,1,0.729969287403188,0.639297898917862,0.202106340295546,0.141392004572657,-0.897838579775835,-0.211144415219698,1
31,32,20,0,-1.4279745789823868,-0.6877846209862783,-1.0032484595260536,-1.2357173420684968,-0.849752914612918,-1.2924538746101768,1,-2.17312537503152,-1.45772891642973,-0.210081386342098,-0.703441660239942,-0.22127309154989,-0.0529840476890578,0
32,33,19,0,1.328846887758469,-0.8395929382309975,0.05166944855928176,-0.5961030840260003,0.3667592260945528,-1.2924538746101768,1,-0.786467135904835,0.748385635077292,1.54998815264793,-0.302744543347931,-0.980072359508881,-0.0209127534100369,0
33,34,19,1,1.328846887758469,-0.5359763037415592,-0.24973566803652833,0.46992067937816073,-0.5732728826339474,0.37413138475557756,2,-0.354136787083152,1.28675167059746,0.250639397441251,0.964510392476141,0.114032934087284,-0.132918954801749,1
34,35,19,0,-0.2464796646648772,-0.5359763037415592,-0.7319838545898244,0.6831254320589929,-0.5732728826339474,-0.45916124492729965,1,-0.771929464787541,-0.45030851617627,-0.0874780496557512,1.01333374527453,-0.23793442116064,0.0138222202841042,0
35,36,20,1,1.4601241004604144,-0.23235966925212106,-0.9128269245473105,-0.5961030840260003,-0.5732728826339474,-1.0146896647158845,2,-1.41316852662962,0.699460490211181,1.4332094390298,0.220639272737512,0.243587213348848,0.290493066906012,0
36,37,20,0,-0.2464796646648772,-0.38416798649684014,-0.5511407846323384,-0.5961030840260003,-0.407384863446565,-0.45916124492729965,1,-1.05490804540138,-0.265580667367886,0.0165733478471691,-0.232833167972141,-0.04108435408992,0.0684531574979361,0
37,38,24,0,1.1975696750565235,-0.8395929382309975,-1.0936699945047965,-1.0225125893876648,-1.0709369401960944,-0.18139703503300725,1,-1.97150810759728,1.15521853604519,0.422425395798533,0.0720978494551927,0.360879830659761,0.159049186232608,0
38,39,24,1,0.6724608242487413,-0.8395929382309975,-0.4908597613131764,-0.3828983313451681,-0.9603449274045063,0.09636717486128517,2,-1.25584387768676,0.843284302383903,-0.0570208662859114,0.320657577193814,0.116477056988145,-0.26136466077776,0
39,40,25,0,0.9350152496526324,-0.6877846209862783,-0.9128269245473105,-0.8093078367068325,-0.9603449274045063,-0.45916124492729965,1,-1.74627479437537,0.746462985685069,0.538573526416618,0.105717916465342,0.242248229485521,0.044946932492605,0
40,41,19,0,-0.11520245196293169,-0.8395929382309975,-0.6717028312706624,-1.0225125893876648,-0.9603449274045063,-0.45916124492729965,1,-1.78403225539641,0.0346363370649829,-0.10223133862783,-0.328617296184716,0.0067555404619665,-0.213398802426948,0
41,42,18,0,0.14735197344095932,-0.6877846209862783,-0.7319838545898244,-0.5961030840260003,-0.7391609018213298,0.37413138475557756,1,-1.20951082853721,0.537919798289456,-0.510532184466516,0.027447855172964,0.220338251867871,0.10006535785,0
42,43,18,1,0.14735197344095932,-0.6877846209862783,-0.6717028312706624,-1.2357173420684968,-0.35208885705077086,-0.18139703503300725,2,-1.40897135574658,0.370293528756093,-0.0349899498161589,-0.66628706569334,-0.0539513774681585,0.243767715590166,0
43,44,31,0,-1.0341429408765503,0.5266819169714744,0.4736366117934159,0.6831254320589929,1.2514953284272587,0.09636717486128517,1,1.43310041114733,-0.981672308246063,-0.364867258584419,-0.166375078315049,-0.530982727030188,0.3913513773695,3
44,45,28,1,0.27862918614290483,0.0712569652373171,0.6243391700913209,0.46992067937816073,0.1455752005113763,1.7629524342270395,2,1.14847144451335,1.07569102714415,-1.08161253845098,0.21834360868254,0.331278441977515,-0.138301053456083,1
45,46,19,0,-0.11520245196293169,-0.08055135200740199,-0.5511407846323384,-0.16969357866433588,-0.0203128186760061,-0.7369254548215921,1,-0.622772821902094,-0.467584292046053,0.424371313788328,0.0153356006832902,-0.148352734882798,0.294903632582009,0
46,47,20,1,-1.5592517916843323,0.2230652824820362,-0.34015720301527136,-0.8093078367068325,-0.18620083786338848,-0.18139703503300725,2,-0.570372911975284,-1.27953603286632,-0.736678313285684,-0.862616288781631,0.241114356413552,0.108675451936676,3
47,48,19,0,1.4601241004604144,0.8302985514609126,1.377851961580846,1.749149195463154,1.6938633795936118,1.4851882243327472,1,3.13571693836088,1.4926618908582,0.23599633389323,0.778995826019488,-0.202799320579797,0.29982936949503,2
48,49,19,1,1.4601241004604144,0.8302985514609126,2.7944560095811535,0.8963301847398252,3.2974475650716415,0.9296598045441624,2,4.17876757034882,1.50593696902251,0.938604507371809,-0.876248537559967,-1.33010957393832,0.152486387132183,2
